folder_name,input_folder,output_folder
0A_783199.6466,/home/linux/IHCPs/dataset_ptrh_constant/input/0A_783199.6466,/home/linux/IHCPs/dataset_ptrh_constant/output/0A_783199.6466
100A_645931.6885,/home/linux/IHCPs/dataset_ptrh_constant/input/100A_645931.6885,/home/linux/IHCPs/dataset_ptrh_constant/output/100A_645931.6885
101A_139029.5062,/home/linux/IHCPs/dataset_ptrh_constant/input/101A_139029.5062,/home/linux/IHCPs/dataset_ptrh_constant/output/101A_139029.5062
102A_806988.9991,/home/linux/IHCPs/dataset_ptrh_constant/input/102A_806988.9991,/home/linux/IHCPs/dataset_ptrh_constant/output/102A_806988.9991
103A_505818.8998,/home/linux/IHCPs/dataset_ptrh_constant/input/103A_505818.8998,/home/linux/IHCPs/dataset_ptrh_constant/output/103A_505818.8998
104A_235439.2525,/home/linux/IHCPs/dataset_ptrh_constant/input/104A_235439.2525,/home/linux/IHCPs/dataset_ptrh_constant/output/104A_235439.2525
105A_836577.5128,/home/linux/IHCPs/dataset_ptrh_constant/input/105A_836577.5128,/home/linux/IHCPs/dataset_ptrh_constant/output/105A_836577.5128
106A_118937.0699,/home/linux/IHCPs/dataset_ptrh_constant/input/106A_118937.0699,/home/linux/IHCPs/dataset_ptrh_constant/output/106A_118937.0699
107A_732562.2936,/home/linux/IHCPs/dataset_ptrh_constant/input/107A_732562.2936,/home/linux/IHCPs/dataset_ptrh_constant/output/107A_732562.2936
108A_286447.9196,/home/linux/IHCPs/dataset_ptrh_constant/input/108A_286447.9196,/home/linux/IHCPs/dataset_ptrh_constant/output/108A_286447.9196
109A_801008.3037,/home/linux/IHCPs/dataset_ptrh_constant/input/109A_801008.3037,/home/linux/IHCPs/dataset_ptrh_constant/output/109A_801008.3037
10A_854621.2487,/home/linux/IHCPs/dataset_ptrh_constant/input/10A_854621.2487,/home/linux/IHCPs/dataset_ptrh_constant/output/10A_854621.2487
110A_497741.1198,/home/linux/IHCPs/dataset_ptrh_constant/input/110A_497741.1198,/home/linux/IHCPs/dataset_ptrh_constant/output/110A_497741.1198
111A_948875.0123,/home/linux/IHCPs/dataset_ptrh_constant/input/111A_948875.0123,/home/linux/IHCPs/dataset_ptrh_constant/output/111A_948875.0123
112A_826415.9965,/home/linux/IHCPs/dataset_ptrh_constant/input/112A_826415.9965,/home/linux/IHCPs/dataset_ptrh_constant/output/112A_826415.9965
113A_337869.396,/home/linux/IHCPs/dataset_ptrh_constant/input/113A_337869.396,/home/linux/IHCPs/dataset_ptrh_constant/output/113A_337869.396
114A_983426.1914,/home/linux/IHCPs/dataset_ptrh_constant/input/114A_983426.1914,/home/linux/IHCPs/dataset_ptrh_constant/output/114A_983426.1914
115A_399739.9165,/home/linux/IHCPs/dataset_ptrh_constant/input/115A_399739.9165,/home/linux/IHCPs/dataset_ptrh_constant/output/115A_399739.9165
116A_941392.8502,/home/linux/IHCPs/dataset_ptrh_constant/input/116A_941392.8502,/home/linux/IHCPs/dataset_ptrh_constant/output/116A_941392.8502
117A_190834.5849,/home/linux/IHCPs/dataset_ptrh_constant/input/117A_190834.5849,/home/linux/IHCPs/dataset_ptrh_constant/output/117A_190834.5849
118A_420037.3473,/home/linux/IHCPs/dataset_ptrh_constant/input/118A_420037.3473,/home/linux/IHCPs/dataset_ptrh_constant/output/118A_420037.3473
119A_382124.8776,/home/linux/IHCPs/dataset_ptrh_constant/input/119A_382124.8776,/home/linux/IHCPs/dataset_ptrh_constant/output/119A_382124.8776
11A_364059.4681,/home/linux/IHCPs/dataset_ptrh_constant/input/11A_364059.4681,/home/linux/IHCPs/dataset_ptrh_constant/output/11A_364059.4681
120A_390596.2593,/home/linux/IHCPs/dataset_ptrh_constant/input/120A_390596.2593,/home/linux/IHCPs/dataset_ptrh_constant/output/120A_390596.2593
121A_963317.1443,/home/linux/IHCPs/dataset_ptrh_constant/input/121A_963317.1443,/home/linux/IHCPs/dataset_ptrh_constant/output/121A_963317.1443
122A_659630.0839,/home/linux/IHCPs/dataset_ptrh_constant/input/122A_659630.0839,/home/linux/IHCPs/dataset_ptrh_constant/output/122A_659630.0839
123A_500688.6751,/home/linux/IHCPs/dataset_ptrh_constant/input/123A_500688.6751,/home/linux/IHCPs/dataset_ptrh_constant/output/123A_500688.6751
124A_673006.6402,/home/linux/IHCPs/dataset_ptrh_constant/input/124A_673006.6402,/home/linux/IHCPs/dataset_ptrh_constant/output/124A_673006.6402
125A_101008.2449,/home/linux/IHCPs/dataset_ptrh_constant/input/125A_101008.2449,/home/linux/IHCPs/dataset_ptrh_constant/output/125A_101008.2449
126A_119427.4969,/home/linux/IHCPs/dataset_ptrh_constant/input/126A_119427.4969,/home/linux/IHCPs/dataset_ptrh_constant/output/126A_119427.4969
127A_344294.3964,/home/linux/IHCPs/dataset_ptrh_constant/input/127A_344294.3964,/home/linux/IHCPs/dataset_ptrh_constant/output/127A_344294.3964
128A_916351.8687,/home/linux/IHCPs/dataset_ptrh_constant/input/128A_916351.8687,/home/linux/IHCPs/dataset_ptrh_constant/output/128A_916351.8687
129A_660490.3663,/home/linux/IHCPs/dataset_ptrh_constant/input/129A_660490.3663,/home/linux/IHCPs/dataset_ptrh_constant/output/129A_660490.3663
12A_700244.8916,/home/linux/IHCPs/dataset_ptrh_constant/input/12A_700244.8916,/home/linux/IHCPs/dataset_ptrh_constant/output/12A_700244.8916
130A_716747.5558,/home/linux/IHCPs/dataset_ptrh_constant/input/130A_716747.5558,/home/linux/IHCPs/dataset_ptrh_constant/output/130A_716747.5558
131A_930624.5072,/home/linux/IHCPs/dataset_ptrh_constant/input/131A_930624.5072,/home/linux/IHCPs/dataset_ptrh_constant/output/131A_930624.5072
132A_164829.6223,/home/linux/IHCPs/dataset_ptrh_constant/input/132A_164829.6223,/home/linux/IHCPs/dataset_ptrh_constant/output/132A_164829.6223
133A_948410.3147,/home/linux/IHCPs/dataset_ptrh_constant/input/133A_948410.3147,/home/linux/IHCPs/dataset_ptrh_constant/output/133A_948410.3147
134A_413183.8061,/home/linux/IHCPs/dataset_ptrh_constant/input/134A_413183.8061,/home/linux/IHCPs/dataset_ptrh_constant/output/134A_413183.8061
135A_402471.833,/home/linux/IHCPs/dataset_ptrh_constant/input/135A_402471.833,/home/linux/IHCPs/dataset_ptrh_constant/output/135A_402471.833
136A_132267.0699,/home/linux/IHCPs/dataset_ptrh_constant/input/136A_132267.0699,/home/linux/IHCPs/dataset_ptrh_constant/output/136A_132267.0699
137A_786168.5105,/home/linux/IHCPs/dataset_ptrh_constant/input/137A_786168.5105,/home/linux/IHCPs/dataset_ptrh_constant/output/137A_786168.5105
138A_146573.7978,/home/linux/IHCPs/dataset_ptrh_constant/input/138A_146573.7978,/home/linux/IHCPs/dataset_ptrh_constant/output/138A_146573.7978
139A_936157.7623,/home/linux/IHCPs/dataset_ptrh_constant/input/139A_936157.7623,/home/linux/IHCPs/dataset_ptrh_constant/output/139A_936157.7623
13A_538112.2806,/home/linux/IHCPs/dataset_ptrh_constant/input/13A_538112.2806,/home/linux/IHCPs/dataset_ptrh_constant/output/13A_538112.2806
140A_508009.849,/home/linux/IHCPs/dataset_ptrh_constant/input/140A_508009.849,/home/linux/IHCPs/dataset_ptrh_constant/output/140A_508009.849
141A_825764.1651,/home/linux/IHCPs/dataset_ptrh_constant/input/141A_825764.1651,/home/linux/IHCPs/dataset_ptrh_constant/output/141A_825764.1651
142A_101624.7051,/home/linux/IHCPs/dataset_ptrh_constant/input/142A_101624.7051,/home/linux/IHCPs/dataset_ptrh_constant/output/142A_101624.7051
143A_458593.7512,/home/linux/IHCPs/dataset_ptrh_constant/input/143A_458593.7512,/home/linux/IHCPs/dataset_ptrh_constant/output/143A_458593.7512
144A_316766.9566,/home/linux/IHCPs/dataset_ptrh_constant/input/144A_316766.9566,/home/linux/IHCPs/dataset_ptrh_constant/output/144A_316766.9566
145A_990824.8919,/home/linux/IHCPs/dataset_ptrh_constant/input/145A_990824.8919,/home/linux/IHCPs/dataset_ptrh_constant/output/145A_990824.8919
146A_801408.0806,/home/linux/IHCPs/dataset_ptrh_constant/input/146A_801408.0806,/home/linux/IHCPs/dataset_ptrh_constant/output/146A_801408.0806
147A_421831.8012,/home/linux/IHCPs/dataset_ptrh_constant/input/147A_421831.8012,/home/linux/IHCPs/dataset_ptrh_constant/output/147A_421831.8012
148A_941945.9698,/home/linux/IHCPs/dataset_ptrh_constant/input/148A_941945.9698,/home/linux/IHCPs/dataset_ptrh_constant/output/148A_941945.9698
149A_875061.8686,/home/linux/IHCPs/dataset_ptrh_constant/input/149A_875061.8686,/home/linux/IHCPs/dataset_ptrh_constant/output/149A_875061.8686
14A_983640.2508,/home/linux/IHCPs/dataset_ptrh_constant/input/14A_983640.2508,/home/linux/IHCPs/dataset_ptrh_constant/output/14A_983640.2508
150A_493402.3484,/home/linux/IHCPs/dataset_ptrh_constant/input/150A_493402.3484,/home/linux/IHCPs/dataset_ptrh_constant/output/150A_493402.3484
151A_450212.4001,/home/linux/IHCPs/dataset_ptrh_constant/input/151A_450212.4001,/home/linux/IHCPs/dataset_ptrh_constant/output/151A_450212.4001
152A_873790.1395,/home/linux/IHCPs/dataset_ptrh_constant/input/152A_873790.1395,/home/linux/IHCPs/dataset_ptrh_constant/output/152A_873790.1395
153A_342529.6035,/home/linux/IHCPs/dataset_ptrh_constant/input/153A_342529.6035,/home/linux/IHCPs/dataset_ptrh_constant/output/153A_342529.6035
154A_645968.8484,/home/linux/IHCPs/dataset_ptrh_constant/input/154A_645968.8484,/home/linux/IHCPs/dataset_ptrh_constant/output/154A_645968.8484
155A_240176.9606,/home/linux/IHCPs/dataset_ptrh_constant/input/155A_240176.9606,/home/linux/IHCPs/dataset_ptrh_constant/output/155A_240176.9606
156A_353524.3199,/home/linux/IHCPs/dataset_ptrh_constant/input/156A_353524.3199,/home/linux/IHCPs/dataset_ptrh_constant/output/156A_353524.3199
157A_939213.2318,/home/linux/IHCPs/dataset_ptrh_constant/input/157A_939213.2318,/home/linux/IHCPs/dataset_ptrh_constant/output/157A_939213.2318
158A_305929.14,/home/linux/IHCPs/dataset_ptrh_constant/input/158A_305929.14,/home/linux/IHCPs/dataset_ptrh_constant/output/158A_305929.14
159A_969212.8538,/home/linux/IHCPs/dataset_ptrh_constant/input/159A_969212.8538,/home/linux/IHCPs/dataset_ptrh_constant/output/159A_969212.8538
15A_801831.7487,/home/linux/IHCPs/dataset_ptrh_constant/input/15A_801831.7487,/home/linux/IHCPs/dataset_ptrh_constant/output/15A_801831.7487
160A_582709.6614,/home/linux/IHCPs/dataset_ptrh_constant/input/160A_582709.6614,/home/linux/IHCPs/dataset_ptrh_constant/output/160A_582709.6614
161A_548342.3844,/home/linux/IHCPs/dataset_ptrh_constant/input/161A_548342.3844,/home/linux/IHCPs/dataset_ptrh_constant/output/161A_548342.3844
162A_283662.6938,/home/linux/IHCPs/dataset_ptrh_constant/input/162A_283662.6938,/home/linux/IHCPs/dataset_ptrh_constant/output/162A_283662.6938
163A_393310.6751,/home/linux/IHCPs/dataset_ptrh_constant/input/163A_393310.6751,/home/linux/IHCPs/dataset_ptrh_constant/output/163A_393310.6751
164A_703324.6006,/home/linux/IHCPs/dataset_ptrh_constant/input/164A_703324.6006,/home/linux/IHCPs/dataset_ptrh_constant/output/164A_703324.6006
165A_603925.8052,/home/linux/IHCPs/dataset_ptrh_constant/input/165A_603925.8052,/home/linux/IHCPs/dataset_ptrh_constant/output/165A_603925.8052
166A_178445.3326,/home/linux/IHCPs/dataset_ptrh_constant/input/166A_178445.3326,/home/linux/IHCPs/dataset_ptrh_constant/output/166A_178445.3326
167A_759621.7924,/home/linux/IHCPs/dataset_ptrh_constant/input/167A_759621.7924,/home/linux/IHCPs/dataset_ptrh_constant/output/167A_759621.7924
168A_700536.1705,/home/linux/IHCPs/dataset_ptrh_constant/input/168A_700536.1705,/home/linux/IHCPs/dataset_ptrh_constant/output/168A_700536.1705
169A_534027.3462,/home/linux/IHCPs/dataset_ptrh_constant/input/169A_534027.3462,/home/linux/IHCPs/dataset_ptrh_constant/output/169A_534027.3462
16A_161613.2056,/home/linux/IHCPs/dataset_ptrh_constant/input/16A_161613.2056,/home/linux/IHCPs/dataset_ptrh_constant/output/16A_161613.2056
170A_600182.8282,/home/linux/IHCPs/dataset_ptrh_constant/input/170A_600182.8282,/home/linux/IHCPs/dataset_ptrh_constant/output/170A_600182.8282
171A_400712.8247,/home/linux/IHCPs/dataset_ptrh_constant/input/171A_400712.8247,/home/linux/IHCPs/dataset_ptrh_constant/output/171A_400712.8247
172A_203237.8643,/home/linux/IHCPs/dataset_ptrh_constant/input/172A_203237.8643,/home/linux/IHCPs/dataset_ptrh_constant/output/172A_203237.8643
173A_155899.1757,/home/linux/IHCPs/dataset_ptrh_constant/input/173A_155899.1757,/home/linux/IHCPs/dataset_ptrh_constant/output/173A_155899.1757
174A_924112.4368,/home/linux/IHCPs/dataset_ptrh_constant/input/174A_924112.4368,/home/linux/IHCPs/dataset_ptrh_constant/output/174A_924112.4368
175A_656889.6876,/home/linux/IHCPs/dataset_ptrh_constant/input/175A_656889.6876,/home/linux/IHCPs/dataset_ptrh_constant/output/175A_656889.6876
176A_386492.5278,/home/linux/IHCPs/dataset_ptrh_constant/input/176A_386492.5278,/home/linux/IHCPs/dataset_ptrh_constant/output/176A_386492.5278
177A_195120.876,/home/linux/IHCPs/dataset_ptrh_constant/input/177A_195120.876,/home/linux/IHCPs/dataset_ptrh_constant/output/177A_195120.876
178A_327929.0239,/home/linux/IHCPs/dataset_ptrh_constant/input/178A_327929.0239,/home/linux/IHCPs/dataset_ptrh_constant/output/178A_327929.0239
179A_828787.5257,/home/linux/IHCPs/dataset_ptrh_constant/input/179A_828787.5257,/home/linux/IHCPs/dataset_ptrh_constant/output/179A_828787.5257
17A_691659.0921,/home/linux/IHCPs/dataset_ptrh_constant/input/17A_691659.0921,/home/linux/IHCPs/dataset_ptrh_constant/output/17A_691659.0921
180A_913767.2815,/home/linux/IHCPs/dataset_ptrh_constant/input/180A_913767.2815,/home/linux/IHCPs/dataset_ptrh_constant/output/180A_913767.2815
181A_968893.6244,/home/linux/IHCPs/dataset_ptrh_constant/input/181A_968893.6244,/home/linux/IHCPs/dataset_ptrh_constant/output/181A_968893.6244
182A_989821.4056,/home/linux/IHCPs/dataset_ptrh_constant/input/182A_989821.4056,/home/linux/IHCPs/dataset_ptrh_constant/output/182A_989821.4056
183A_602357.8078,/home/linux/IHCPs/dataset_ptrh_constant/input/183A_602357.8078,/home/linux/IHCPs/dataset_ptrh_constant/output/183A_602357.8078
184A_431300.1014,/home/linux/IHCPs/dataset_ptrh_constant/input/184A_431300.1014,/home/linux/IHCPs/dataset_ptrh_constant/output/184A_431300.1014
185A_510653.6745,/home/linux/IHCPs/dataset_ptrh_constant/input/185A_510653.6745,/home/linux/IHCPs/dataset_ptrh_constant/output/185A_510653.6745
186A_895872.1816,/home/linux/IHCPs/dataset_ptrh_constant/input/186A_895872.1816,/home/linux/IHCPs/dataset_ptrh_constant/output/186A_895872.1816
187A_899976.3732,/home/linux/IHCPs/dataset_ptrh_constant/input/187A_899976.3732,/home/linux/IHCPs/dataset_ptrh_constant/output/187A_899976.3732
188A_234099.6469,/home/linux/IHCPs/dataset_ptrh_constant/input/188A_234099.6469,/home/linux/IHCPs/dataset_ptrh_constant/output/188A_234099.6469
189A_819188.191,/home/linux/IHCPs/dataset_ptrh_constant/input/189A_819188.191,/home/linux/IHCPs/dataset_ptrh_constant/output/189A_819188.191
18A_655087.9399,/home/linux/IHCPs/dataset_ptrh_constant/input/18A_655087.9399,/home/linux/IHCPs/dataset_ptrh_constant/output/18A_655087.9399
190A_614495.3274,/home/linux/IHCPs/dataset_ptrh_constant/input/190A_614495.3274,/home/linux/IHCPs/dataset_ptrh_constant/output/190A_614495.3274
191A_155594.2805,/home/linux/IHCPs/dataset_ptrh_constant/input/191A_155594.2805,/home/linux/IHCPs/dataset_ptrh_constant/output/191A_155594.2805
192A_446617.8744,/home/linux/IHCPs/dataset_ptrh_constant/input/192A_446617.8744,/home/linux/IHCPs/dataset_ptrh_constant/output/192A_446617.8744
193A_437166.2641,/home/linux/IHCPs/dataset_ptrh_constant/input/193A_437166.2641,/home/linux/IHCPs/dataset_ptrh_constant/output/193A_437166.2641
194A_162913.7818,/home/linux/IHCPs/dataset_ptrh_constant/input/194A_162913.7818,/home/linux/IHCPs/dataset_ptrh_constant/output/194A_162913.7818
195A_640885.2686,/home/linux/IHCPs/dataset_ptrh_constant/input/195A_640885.2686,/home/linux/IHCPs/dataset_ptrh_constant/output/195A_640885.2686
196A_968839.1472,/home/linux/IHCPs/dataset_ptrh_constant/input/196A_968839.1472,/home/linux/IHCPs/dataset_ptrh_constant/output/196A_968839.1472
197A_131225.9191,/home/linux/IHCPs/dataset_ptrh_constant/input/197A_131225.9191,/home/linux/IHCPs/dataset_ptrh_constant/output/197A_131225.9191
198A_559838.1556,/home/linux/IHCPs/dataset_ptrh_constant/input/198A_559838.1556,/home/linux/IHCPs/dataset_ptrh_constant/output/198A_559838.1556
199A_227167.7671,/home/linux/IHCPs/dataset_ptrh_constant/input/199A_227167.7671,/home/linux/IHCPs/dataset_ptrh_constant/output/199A_227167.7671
19A_690782.5656,/home/linux/IHCPs/dataset_ptrh_constant/input/19A_690782.5656,/home/linux/IHCPs/dataset_ptrh_constant/output/19A_690782.5656
1A_742558.0534,/home/linux/IHCPs/dataset_ptrh_constant/input/1A_742558.0534,/home/linux/IHCPs/dataset_ptrh_constant/output/1A_742558.0534
200A_431813.8349,/home/linux/IHCPs/dataset_ptrh_constant/input/200A_431813.8349,/home/linux/IHCPs/dataset_ptrh_constant/output/200A_431813.8349
201A_737879.3469,/home/linux/IHCPs/dataset_ptrh_constant/input/201A_737879.3469,/home/linux/IHCPs/dataset_ptrh_constant/output/201A_737879.3469
202A_487692.2068,/home/linux/IHCPs/dataset_ptrh_constant/input/202A_487692.2068,/home/linux/IHCPs/dataset_ptrh_constant/output/202A_487692.2068
203A_993685.5648,/home/linux/IHCPs/dataset_ptrh_constant/input/203A_993685.5648,/home/linux/IHCPs/dataset_ptrh_constant/output/203A_993685.5648
204A_223348.0032,/home/linux/IHCPs/dataset_ptrh_constant/input/204A_223348.0032,/home/linux/IHCPs/dataset_ptrh_constant/output/204A_223348.0032
205A_503537.2858,/home/linux/IHCPs/dataset_ptrh_constant/input/205A_503537.2858,/home/linux/IHCPs/dataset_ptrh_constant/output/205A_503537.2858
206A_117601.311,/home/linux/IHCPs/dataset_ptrh_constant/input/206A_117601.311,/home/linux/IHCPs/dataset_ptrh_constant/output/206A_117601.311
207A_627403.98,/home/linux/IHCPs/dataset_ptrh_constant/input/207A_627403.98,/home/linux/IHCPs/dataset_ptrh_constant/output/207A_627403.98
208A_808136.5262,/home/linux/IHCPs/dataset_ptrh_constant/input/208A_808136.5262,/home/linux/IHCPs/dataset_ptrh_constant/output/208A_808136.5262
209A_943590.7575,/home/linux/IHCPs/dataset_ptrh_constant/input/209A_943590.7575,/home/linux/IHCPs/dataset_ptrh_constant/output/209A_943590.7575
20A_372192.2858,/home/linux/IHCPs/dataset_ptrh_constant/input/20A_372192.2858,/home/linux/IHCPs/dataset_ptrh_constant/output/20A_372192.2858
210A_932459.1774,/home/linux/IHCPs/dataset_ptrh_constant/input/210A_932459.1774,/home/linux/IHCPs/dataset_ptrh_constant/output/210A_932459.1774
211A_451680.701,/home/linux/IHCPs/dataset_ptrh_constant/input/211A_451680.701,/home/linux/IHCPs/dataset_ptrh_constant/output/211A_451680.701
212A_114280.0145,/home/linux/IHCPs/dataset_ptrh_constant/input/212A_114280.0145,/home/linux/IHCPs/dataset_ptrh_constant/output/212A_114280.0145
213A_442868.3359,/home/linux/IHCPs/dataset_ptrh_constant/input/213A_442868.3359,/home/linux/IHCPs/dataset_ptrh_constant/output/213A_442868.3359
214A_956269.4388,/home/linux/IHCPs/dataset_ptrh_constant/input/214A_956269.4388,/home/linux/IHCPs/dataset_ptrh_constant/output/214A_956269.4388
215A_396720.4968,/home/linux/IHCPs/dataset_ptrh_constant/input/215A_396720.4968,/home/linux/IHCPs/dataset_ptrh_constant/output/215A_396720.4968
216A_647590.926,/home/linux/IHCPs/dataset_ptrh_constant/input/216A_647590.926,/home/linux/IHCPs/dataset_ptrh_constant/output/216A_647590.926
217A_606339.9327,/home/linux/IHCPs/dataset_ptrh_constant/input/217A_606339.9327,/home/linux/IHCPs/dataset_ptrh_constant/output/217A_606339.9327
218A_652939.655,/home/linux/IHCPs/dataset_ptrh_constant/input/218A_652939.655,/home/linux/IHCPs/dataset_ptrh_constant/output/218A_652939.655
219A_542248.174,/home/linux/IHCPs/dataset_ptrh_constant/input/219A_542248.174,/home/linux/IHCPs/dataset_ptrh_constant/output/219A_542248.174
21A_789102.9329,/home/linux/IHCPs/dataset_ptrh_constant/input/21A_789102.9329,/home/linux/IHCPs/dataset_ptrh_constant/output/21A_789102.9329
220A_135701.9821,/home/linux/IHCPs/dataset_ptrh_constant/input/220A_135701.9821,/home/linux/IHCPs/dataset_ptrh_constant/output/220A_135701.9821
221A_310805.5199,/home/linux/IHCPs/dataset_ptrh_constant/input/221A_310805.5199,/home/linux/IHCPs/dataset_ptrh_constant/output/221A_310805.5199
222A_967141.8085,/home/linux/IHCPs/dataset_ptrh_constant/input/222A_967141.8085,/home/linux/IHCPs/dataset_ptrh_constant/output/222A_967141.8085
223A_288747.924,/home/linux/IHCPs/dataset_ptrh_constant/input/223A_288747.924,/home/linux/IHCPs/dataset_ptrh_constant/output/223A_288747.924
224A_593744.7842,/home/linux/IHCPs/dataset_ptrh_constant/input/224A_593744.7842,/home/linux/IHCPs/dataset_ptrh_constant/output/224A_593744.7842
225A_100095.4266,/home/linux/IHCPs/dataset_ptrh_constant/input/225A_100095.4266,/home/linux/IHCPs/dataset_ptrh_constant/output/225A_100095.4266
226A_780358.5866,/home/linux/IHCPs/dataset_ptrh_constant/input/226A_780358.5866,/home/linux/IHCPs/dataset_ptrh_constant/output/226A_780358.5866
227A_920266.5487,/home/linux/IHCPs/dataset_ptrh_constant/input/227A_920266.5487,/home/linux/IHCPs/dataset_ptrh_constant/output/227A_920266.5487
228A_315145.9702,/home/linux/IHCPs/dataset_ptrh_constant/input/228A_315145.9702,/home/linux/IHCPs/dataset_ptrh_constant/output/228A_315145.9702
229A_197719.7392,/home/linux/IHCPs/dataset_ptrh_constant/input/229A_197719.7392,/home/linux/IHCPs/dataset_ptrh_constant/output/229A_197719.7392
22A_917240.417,/home/linux/IHCPs/dataset_ptrh_constant/input/22A_917240.417,/home/linux/IHCPs/dataset_ptrh_constant/output/22A_917240.417
230A_432989.8791,/home/linux/IHCPs/dataset_ptrh_constant/input/230A_432989.8791,/home/linux/IHCPs/dataset_ptrh_constant/output/230A_432989.8791
231A_320247.0217,/home/linux/IHCPs/dataset_ptrh_constant/input/231A_320247.0217,/home/linux/IHCPs/dataset_ptrh_constant/output/231A_320247.0217
232A_365611.2379,/home/linux/IHCPs/dataset_ptrh_constant/input/232A_365611.2379,/home/linux/IHCPs/dataset_ptrh_constant/output/232A_365611.2379
233A_247862.1399,/home/linux/IHCPs/dataset_ptrh_constant/input/233A_247862.1399,/home/linux/IHCPs/dataset_ptrh_constant/output/233A_247862.1399
234A_308454.4311,/home/linux/IHCPs/dataset_ptrh_constant/input/234A_308454.4311,/home/linux/IHCPs/dataset_ptrh_constant/output/234A_308454.4311
235A_656884.6106,/home/linux/IHCPs/dataset_ptrh_constant/input/235A_656884.6106,/home/linux/IHCPs/dataset_ptrh_constant/output/235A_656884.6106
236A_205727.4341,/home/linux/IHCPs/dataset_ptrh_constant/input/236A_205727.4341,/home/linux/IHCPs/dataset_ptrh_constant/output/236A_205727.4341
237A_282428.4096,/home/linux/IHCPs/dataset_ptrh_constant/input/237A_282428.4096,/home/linux/IHCPs/dataset_ptrh_constant/output/237A_282428.4096
238A_469300.3367,/home/linux/IHCPs/dataset_ptrh_constant/input/238A_469300.3367,/home/linux/IHCPs/dataset_ptrh_constant/output/238A_469300.3367
239A_578465.8289,/home/linux/IHCPs/dataset_ptrh_constant/input/239A_578465.8289,/home/linux/IHCPs/dataset_ptrh_constant/output/239A_578465.8289
23A_988623.5199,/home/linux/IHCPs/dataset_ptrh_constant/input/23A_988623.5199,/home/linux/IHCPs/dataset_ptrh_constant/output/23A_988623.5199
240A_383378.0257,/home/linux/IHCPs/dataset_ptrh_constant/input/240A_383378.0257,/home/linux/IHCPs/dataset_ptrh_constant/output/240A_383378.0257
241A_982255.7225,/home/linux/IHCPs/dataset_ptrh_constant/input/241A_982255.7225,/home/linux/IHCPs/dataset_ptrh_constant/output/241A_982255.7225
242A_233879.8692,/home/linux/IHCPs/dataset_ptrh_constant/input/242A_233879.8692,/home/linux/IHCPs/dataset_ptrh_constant/output/242A_233879.8692
243A_860660.161,/home/linux/IHCPs/dataset_ptrh_constant/input/243A_860660.161,/home/linux/IHCPs/dataset_ptrh_constant/output/243A_860660.161
244A_696232.1964,/home/linux/IHCPs/dataset_ptrh_constant/input/244A_696232.1964,/home/linux/IHCPs/dataset_ptrh_constant/output/244A_696232.1964
245A_100224.3861,/home/linux/IHCPs/dataset_ptrh_constant/input/245A_100224.3861,/home/linux/IHCPs/dataset_ptrh_constant/output/245A_100224.3861
246A_638452.3337,/home/linux/IHCPs/dataset_ptrh_constant/input/246A_638452.3337,/home/linux/IHCPs/dataset_ptrh_constant/output/246A_638452.3337
247A_898650.2186,/home/linux/IHCPs/dataset_ptrh_constant/input/247A_898650.2186,/home/linux/IHCPs/dataset_ptrh_constant/output/247A_898650.2186
248A_285366.7789,/home/linux/IHCPs/dataset_ptrh_constant/input/248A_285366.7789,/home/linux/IHCPs/dataset_ptrh_constant/output/248A_285366.7789
249A_381388.3602,/home/linux/IHCPs/dataset_ptrh_constant/input/249A_381388.3602,/home/linux/IHCPs/dataset_ptrh_constant/output/249A_381388.3602
24A_752573.2716,/home/linux/IHCPs/dataset_ptrh_constant/input/24A_752573.2716,/home/linux/IHCPs/dataset_ptrh_constant/output/24A_752573.2716
250A_572610.6,/home/linux/IHCPs/dataset_ptrh_constant/input/250A_572610.6,/home/linux/IHCPs/dataset_ptrh_constant/output/250A_572610.6
251A_638935.4223,/home/linux/IHCPs/dataset_ptrh_constant/input/251A_638935.4223,/home/linux/IHCPs/dataset_ptrh_constant/output/251A_638935.4223
252A_381542.0005,/home/linux/IHCPs/dataset_ptrh_constant/input/252A_381542.0005,/home/linux/IHCPs/dataset_ptrh_constant/output/252A_381542.0005
253A_297375.2634,/home/linux/IHCPs/dataset_ptrh_constant/input/253A_297375.2634,/home/linux/IHCPs/dataset_ptrh_constant/output/253A_297375.2634
254A_358982.9503,/home/linux/IHCPs/dataset_ptrh_constant/input/254A_358982.9503,/home/linux/IHCPs/dataset_ptrh_constant/output/254A_358982.9503
255A_460761.8597,/home/linux/IHCPs/dataset_ptrh_constant/input/255A_460761.8597,/home/linux/IHCPs/dataset_ptrh_constant/output/255A_460761.8597
256A_105089.0703,/home/linux/IHCPs/dataset_ptrh_constant/input/256A_105089.0703,/home/linux/IHCPs/dataset_ptrh_constant/output/256A_105089.0703
257A_277678.9592,/home/linux/IHCPs/dataset_ptrh_constant/input/257A_277678.9592,/home/linux/IHCPs/dataset_ptrh_constant/output/257A_277678.9592
258A_585962.198,/home/linux/IHCPs/dataset_ptrh_constant/input/258A_585962.198,/home/linux/IHCPs/dataset_ptrh_constant/output/258A_585962.198
259A_636508.6094,/home/linux/IHCPs/dataset_ptrh_constant/input/259A_636508.6094,/home/linux/IHCPs/dataset_ptrh_constant/output/259A_636508.6094
25A_908727.3159,/home/linux/IHCPs/dataset_ptrh_constant/input/25A_908727.3159,/home/linux/IHCPs/dataset_ptrh_constant/output/25A_908727.3159
260A_328603.1157,/home/linux/IHCPs/dataset_ptrh_constant/input/260A_328603.1157,/home/linux/IHCPs/dataset_ptrh_constant/output/260A_328603.1157
261A_951523.2594,/home/linux/IHCPs/dataset_ptrh_constant/input/261A_951523.2594,/home/linux/IHCPs/dataset_ptrh_constant/output/261A_951523.2594
262A_203259.8439,/home/linux/IHCPs/dataset_ptrh_constant/input/262A_203259.8439,/home/linux/IHCPs/dataset_ptrh_constant/output/262A_203259.8439
263A_226095.1496,/home/linux/IHCPs/dataset_ptrh_constant/input/263A_226095.1496,/home/linux/IHCPs/dataset_ptrh_constant/output/263A_226095.1496
264A_867243.8486,/home/linux/IHCPs/dataset_ptrh_constant/input/264A_867243.8486,/home/linux/IHCPs/dataset_ptrh_constant/output/264A_867243.8486
265A_883007.8059,/home/linux/IHCPs/dataset_ptrh_constant/input/265A_883007.8059,/home/linux/IHCPs/dataset_ptrh_constant/output/265A_883007.8059
266A_414996.9847,/home/linux/IHCPs/dataset_ptrh_constant/input/266A_414996.9847,/home/linux/IHCPs/dataset_ptrh_constant/output/266A_414996.9847
267A_484174.5117,/home/linux/IHCPs/dataset_ptrh_constant/input/267A_484174.5117,/home/linux/IHCPs/dataset_ptrh_constant/output/267A_484174.5117
268A_675338.8614,/home/linux/IHCPs/dataset_ptrh_constant/input/268A_675338.8614,/home/linux/IHCPs/dataset_ptrh_constant/output/268A_675338.8614
269A_164496.3124,/home/linux/IHCPs/dataset_ptrh_constant/input/269A_164496.3124,/home/linux/IHCPs/dataset_ptrh_constant/output/269A_164496.3124
26A_177549.3539,/home/linux/IHCPs/dataset_ptrh_constant/input/26A_177549.3539,/home/linux/IHCPs/dataset_ptrh_constant/output/26A_177549.3539
270A_538998.3317,/home/linux/IHCPs/dataset_ptrh_constant/input/270A_538998.3317,/home/linux/IHCPs/dataset_ptrh_constant/output/270A_538998.3317
271A_817946.4923,/home/linux/IHCPs/dataset_ptrh_constant/input/271A_817946.4923,/home/linux/IHCPs/dataset_ptrh_constant/output/271A_817946.4923
272A_719488.6635,/home/linux/IHCPs/dataset_ptrh_constant/input/272A_719488.6635,/home/linux/IHCPs/dataset_ptrh_constant/output/272A_719488.6635
273A_480789.5456,/home/linux/IHCPs/dataset_ptrh_constant/input/273A_480789.5456,/home/linux/IHCPs/dataset_ptrh_constant/output/273A_480789.5456
274A_655198.4583,/home/linux/IHCPs/dataset_ptrh_constant/input/274A_655198.4583,/home/linux/IHCPs/dataset_ptrh_constant/output/274A_655198.4583
275A_877066.7702,/home/linux/IHCPs/dataset_ptrh_constant/input/275A_877066.7702,/home/linux/IHCPs/dataset_ptrh_constant/output/275A_877066.7702
276A_540771.7991,/home/linux/IHCPs/dataset_ptrh_constant/input/276A_540771.7991,/home/linux/IHCPs/dataset_ptrh_constant/output/276A_540771.7991
277A_785978.5311,/home/linux/IHCPs/dataset_ptrh_constant/input/277A_785978.5311,/home/linux/IHCPs/dataset_ptrh_constant/output/277A_785978.5311
278A_209044.2307,/home/linux/IHCPs/dataset_ptrh_constant/input/278A_209044.2307,/home/linux/IHCPs/dataset_ptrh_constant/output/278A_209044.2307
279A_835095.2826,/home/linux/IHCPs/dataset_ptrh_constant/input/279A_835095.2826,/home/linux/IHCPs/dataset_ptrh_constant/output/279A_835095.2826
27A_148612.8974,/home/linux/IHCPs/dataset_ptrh_constant/input/27A_148612.8974,/home/linux/IHCPs/dataset_ptrh_constant/output/27A_148612.8974
280A_787868.2467,/home/linux/IHCPs/dataset_ptrh_constant/input/280A_787868.2467,/home/linux/IHCPs/dataset_ptrh_constant/output/280A_787868.2467
281A_897675.6301,/home/linux/IHCPs/dataset_ptrh_constant/input/281A_897675.6301,/home/linux/IHCPs/dataset_ptrh_constant/output/281A_897675.6301
282A_972014.4706,/home/linux/IHCPs/dataset_ptrh_constant/input/282A_972014.4706,/home/linux/IHCPs/dataset_ptrh_constant/output/282A_972014.4706
283A_104748.1508,/home/linux/IHCPs/dataset_ptrh_constant/input/283A_104748.1508,/home/linux/IHCPs/dataset_ptrh_constant/output/283A_104748.1508
284A_498521.5302,/home/linux/IHCPs/dataset_ptrh_constant/input/284A_498521.5302,/home/linux/IHCPs/dataset_ptrh_constant/output/284A_498521.5302
285A_752591.3077,/home/linux/IHCPs/dataset_ptrh_constant/input/285A_752591.3077,/home/linux/IHCPs/dataset_ptrh_constant/output/285A_752591.3077
286A_657370.426,/home/linux/IHCPs/dataset_ptrh_constant/input/286A_657370.426,/home/linux/IHCPs/dataset_ptrh_constant/output/286A_657370.426
287A_401863.8195,/home/linux/IHCPs/dataset_ptrh_constant/input/287A_401863.8195,/home/linux/IHCPs/dataset_ptrh_constant/output/287A_401863.8195
288A_487874.9454,/home/linux/IHCPs/dataset_ptrh_constant/input/288A_487874.9454,/home/linux/IHCPs/dataset_ptrh_constant/output/288A_487874.9454
289A_351348.2505,/home/linux/IHCPs/dataset_ptrh_constant/input/289A_351348.2505,/home/linux/IHCPs/dataset_ptrh_constant/output/289A_351348.2505
28A_550903.6949,/home/linux/IHCPs/dataset_ptrh_constant/input/28A_550903.6949,/home/linux/IHCPs/dataset_ptrh_constant/output/28A_550903.6949
290A_833138.9235,/home/linux/IHCPs/dataset_ptrh_constant/input/290A_833138.9235,/home/linux/IHCPs/dataset_ptrh_constant/output/290A_833138.9235
291A_843656.877,/home/linux/IHCPs/dataset_ptrh_constant/input/291A_843656.877,/home/linux/IHCPs/dataset_ptrh_constant/output/291A_843656.877
292A_818770.2419,/home/linux/IHCPs/dataset_ptrh_constant/input/292A_818770.2419,/home/linux/IHCPs/dataset_ptrh_constant/output/292A_818770.2419
293A_200309.8435,/home/linux/IHCPs/dataset_ptrh_constant/input/293A_200309.8435,/home/linux/IHCPs/dataset_ptrh_constant/output/293A_200309.8435
294A_722281.6827,/home/linux/IHCPs/dataset_ptrh_constant/input/294A_722281.6827,/home/linux/IHCPs/dataset_ptrh_constant/output/294A_722281.6827
295A_268654.5371,/home/linux/IHCPs/dataset_ptrh_constant/input/295A_268654.5371,/home/linux/IHCPs/dataset_ptrh_constant/output/295A_268654.5371
296A_192066.5608,/home/linux/IHCPs/dataset_ptrh_constant/input/296A_192066.5608,/home/linux/IHCPs/dataset_ptrh_constant/output/296A_192066.5608
297A_222189.2916,/home/linux/IHCPs/dataset_ptrh_constant/input/297A_222189.2916,/home/linux/IHCPs/dataset_ptrh_constant/output/297A_222189.2916
298A_669954.4433,/home/linux/IHCPs/dataset_ptrh_constant/input/298A_669954.4433,/home/linux/IHCPs/dataset_ptrh_constant/output/298A_669954.4433
299A_453156.2014,/home/linux/IHCPs/dataset_ptrh_constant/input/299A_453156.2014,/home/linux/IHCPs/dataset_ptrh_constant/output/299A_453156.2014
29A_300053.0243,/home/linux/IHCPs/dataset_ptrh_constant/input/29A_300053.0243,/home/linux/IHCPs/dataset_ptrh_constant/output/29A_300053.0243
2A_100134.1832,/home/linux/IHCPs/dataset_ptrh_constant/input/2A_100134.1832,/home/linux/IHCPs/dataset_ptrh_constant/output/2A_100134.1832
300A_301334.8457,/home/linux/IHCPs/dataset_ptrh_constant/input/300A_301334.8457,/home/linux/IHCPs/dataset_ptrh_constant/output/300A_301334.8457
301A_196808.3027,/home/linux/IHCPs/dataset_ptrh_constant/input/301A_196808.3027,/home/linux/IHCPs/dataset_ptrh_constant/output/301A_196808.3027
302A_329810.3006,/home/linux/IHCPs/dataset_ptrh_constant/input/302A_329810.3006,/home/linux/IHCPs/dataset_ptrh_constant/output/302A_329810.3006
303A_164073.1721,/home/linux/IHCPs/dataset_ptrh_constant/input/303A_164073.1721,/home/linux/IHCPs/dataset_ptrh_constant/output/303A_164073.1721
304A_571192.6322,/home/linux/IHCPs/dataset_ptrh_constant/input/304A_571192.6322,/home/linux/IHCPs/dataset_ptrh_constant/output/304A_571192.6322
305A_335893.5063,/home/linux/IHCPs/dataset_ptrh_constant/input/305A_335893.5063,/home/linux/IHCPs/dataset_ptrh_constant/output/305A_335893.5063
306A_465743.3143,/home/linux/IHCPs/dataset_ptrh_constant/input/306A_465743.3143,/home/linux/IHCPs/dataset_ptrh_constant/output/306A_465743.3143
307A_953738.5762,/home/linux/IHCPs/dataset_ptrh_constant/input/307A_953738.5762,/home/linux/IHCPs/dataset_ptrh_constant/output/307A_953738.5762
308A_441882.4221,/home/linux/IHCPs/dataset_ptrh_constant/input/308A_441882.4221,/home/linux/IHCPs/dataset_ptrh_constant/output/308A_441882.4221
309A_243287.5093,/home/linux/IHCPs/dataset_ptrh_constant/input/309A_243287.5093,/home/linux/IHCPs/dataset_ptrh_constant/output/309A_243287.5093
30A_380071.4864,/home/linux/IHCPs/dataset_ptrh_constant/input/30A_380071.4864,/home/linux/IHCPs/dataset_ptrh_constant/output/30A_380071.4864
310A_707524.178,/home/linux/IHCPs/dataset_ptrh_constant/input/310A_707524.178,/home/linux/IHCPs/dataset_ptrh_constant/output/310A_707524.178
311A_566204.7877,/home/linux/IHCPs/dataset_ptrh_constant/input/311A_566204.7877,/home/linux/IHCPs/dataset_ptrh_constant/output/311A_566204.7877
312A_327230.1265,/home/linux/IHCPs/dataset_ptrh_constant/input/312A_327230.1265,/home/linux/IHCPs/dataset_ptrh_constant/output/312A_327230.1265
313A_995270.559,/home/linux/IHCPs/dataset_ptrh_constant/input/313A_995270.559,/home/linux/IHCPs/dataset_ptrh_constant/output/313A_995270.559
314A_347150.4686,/home/linux/IHCPs/dataset_ptrh_constant/input/314A_347150.4686,/home/linux/IHCPs/dataset_ptrh_constant/output/314A_347150.4686
315A_964157.426,/home/linux/IHCPs/dataset_ptrh_constant/input/315A_964157.426,/home/linux/IHCPs/dataset_ptrh_constant/output/315A_964157.426
316A_677830.9058,/home/linux/IHCPs/dataset_ptrh_constant/input/316A_677830.9058,/home/linux/IHCPs/dataset_ptrh_constant/output/316A_677830.9058
317A_488409.103,/home/linux/IHCPs/dataset_ptrh_constant/input/317A_488409.103,/home/linux/IHCPs/dataset_ptrh_constant/output/317A_488409.103
318A_938549.9943,/home/linux/IHCPs/dataset_ptrh_constant/input/318A_938549.9943,/home/linux/IHCPs/dataset_ptrh_constant/output/318A_938549.9943
319A_263055.2846,/home/linux/IHCPs/dataset_ptrh_constant/input/319A_263055.2846,/home/linux/IHCPs/dataset_ptrh_constant/output/319A_263055.2846
31A_293038.2024,/home/linux/IHCPs/dataset_ptrh_constant/input/31A_293038.2024,/home/linux/IHCPs/dataset_ptrh_constant/output/31A_293038.2024
320A_887745.0406,/home/linux/IHCPs/dataset_ptrh_constant/input/320A_887745.0406,/home/linux/IHCPs/dataset_ptrh_constant/output/320A_887745.0406
321A_264251.8988,/home/linux/IHCPs/dataset_ptrh_constant/input/321A_264251.8988,/home/linux/IHCPs/dataset_ptrh_constant/output/321A_264251.8988
322A_858280.9205,/home/linux/IHCPs/dataset_ptrh_constant/input/322A_858280.9205,/home/linux/IHCPs/dataset_ptrh_constant/output/322A_858280.9205
323A_118691.6741,/home/linux/IHCPs/dataset_ptrh_constant/input/323A_118691.6741,/home/linux/IHCPs/dataset_ptrh_constant/output/323A_118691.6741
324A_694931.9251,/home/linux/IHCPs/dataset_ptrh_constant/input/324A_694931.9251,/home/linux/IHCPs/dataset_ptrh_constant/output/324A_694931.9251
325A_503167.9916,/home/linux/IHCPs/dataset_ptrh_constant/input/325A_503167.9916,/home/linux/IHCPs/dataset_ptrh_constant/output/325A_503167.9916
326A_656424.9315,/home/linux/IHCPs/dataset_ptrh_constant/input/326A_656424.9315,/home/linux/IHCPs/dataset_ptrh_constant/output/326A_656424.9315
327A_390419.2564,/home/linux/IHCPs/dataset_ptrh_constant/input/327A_390419.2564,/home/linux/IHCPs/dataset_ptrh_constant/output/327A_390419.2564
328A_278128.9915,/home/linux/IHCPs/dataset_ptrh_constant/input/328A_278128.9915,/home/linux/IHCPs/dataset_ptrh_constant/output/328A_278128.9915
329A_540036.4378,/home/linux/IHCPs/dataset_ptrh_constant/input/329A_540036.4378,/home/linux/IHCPs/dataset_ptrh_constant/output/329A_540036.4378
32A_419901.3032,/home/linux/IHCPs/dataset_ptrh_constant/input/32A_419901.3032,/home/linux/IHCPs/dataset_ptrh_constant/output/32A_419901.3032
330A_988603.8642,/home/linux/IHCPs/dataset_ptrh_constant/input/330A_988603.8642,/home/linux/IHCPs/dataset_ptrh_constant/output/330A_988603.8642
331A_227531.0564,/home/linux/IHCPs/dataset_ptrh_constant/input/331A_227531.0564,/home/linux/IHCPs/dataset_ptrh_constant/output/331A_227531.0564
332A_101211.6048,/home/linux/IHCPs/dataset_ptrh_constant/input/332A_101211.6048,/home/linux/IHCPs/dataset_ptrh_constant/output/332A_101211.6048
333A_425820.2195,/home/linux/IHCPs/dataset_ptrh_constant/input/333A_425820.2195,/home/linux/IHCPs/dataset_ptrh_constant/output/333A_425820.2195
334A_496603.853,/home/linux/IHCPs/dataset_ptrh_constant/input/334A_496603.853,/home/linux/IHCPs/dataset_ptrh_constant/output/334A_496603.853
335A_862804.1579,/home/linux/IHCPs/dataset_ptrh_constant/input/335A_862804.1579,/home/linux/IHCPs/dataset_ptrh_constant/output/335A_862804.1579
336A_477610.4809,/home/linux/IHCPs/dataset_ptrh_constant/input/336A_477610.4809,/home/linux/IHCPs/dataset_ptrh_constant/output/336A_477610.4809
337A_732647.3614,/home/linux/IHCPs/dataset_ptrh_constant/input/337A_732647.3614,/home/linux/IHCPs/dataset_ptrh_constant/output/337A_732647.3614
338A_269029.0344,/home/linux/IHCPs/dataset_ptrh_constant/input/338A_269029.0344,/home/linux/IHCPs/dataset_ptrh_constant/output/338A_269029.0344
339A_603831.5625,/home/linux/IHCPs/dataset_ptrh_constant/input/339A_603831.5625,/home/linux/IHCPs/dataset_ptrh_constant/output/339A_603831.5625
33A_145604.1425,/home/linux/IHCPs/dataset_ptrh_constant/input/33A_145604.1425,/home/linux/IHCPs/dataset_ptrh_constant/output/33A_145604.1425
340A_736238.5453,/home/linux/IHCPs/dataset_ptrh_constant/input/340A_736238.5453,/home/linux/IHCPs/dataset_ptrh_constant/output/340A_736238.5453
341A_996731.5302,/home/linux/IHCPs/dataset_ptrh_constant/input/341A_996731.5302,/home/linux/IHCPs/dataset_ptrh_constant/output/341A_996731.5302
342A_211281.8162,/home/linux/IHCPs/dataset_ptrh_constant/input/342A_211281.8162,/home/linux/IHCPs/dataset_ptrh_constant/output/342A_211281.8162
343A_656738.6393,/home/linux/IHCPs/dataset_ptrh_constant/input/343A_656738.6393,/home/linux/IHCPs/dataset_ptrh_constant/output/343A_656738.6393
344A_422790.0734,/home/linux/IHCPs/dataset_ptrh_constant/input/344A_422790.0734,/home/linux/IHCPs/dataset_ptrh_constant/output/344A_422790.0734
345A_710392.9578,/home/linux/IHCPs/dataset_ptrh_constant/input/345A_710392.9578,/home/linux/IHCPs/dataset_ptrh_constant/output/345A_710392.9578
346A_531743.9614,/home/linux/IHCPs/dataset_ptrh_constant/input/346A_531743.9614,/home/linux/IHCPs/dataset_ptrh_constant/output/346A_531743.9614
347A_941859.0882,/home/linux/IHCPs/dataset_ptrh_constant/input/347A_941859.0882,/home/linux/IHCPs/dataset_ptrh_constant/output/347A_941859.0882
348A_537365.2211,/home/linux/IHCPs/dataset_ptrh_constant/input/348A_537365.2211,/home/linux/IHCPs/dataset_ptrh_constant/output/348A_537365.2211
349A_808734.3142,/home/linux/IHCPs/dataset_ptrh_constant/input/349A_808734.3142,/home/linux/IHCPs/dataset_ptrh_constant/output/349A_808734.3142
34A_900876.1648,/home/linux/IHCPs/dataset_ptrh_constant/input/34A_900876.1648,/home/linux/IHCPs/dataset_ptrh_constant/output/34A_900876.1648
350A_846756.9735,/home/linux/IHCPs/dataset_ptrh_constant/input/350A_846756.9735,/home/linux/IHCPs/dataset_ptrh_constant/output/350A_846756.9735
351A_959916.8064,/home/linux/IHCPs/dataset_ptrh_constant/input/351A_959916.8064,/home/linux/IHCPs/dataset_ptrh_constant/output/351A_959916.8064
352A_133187.4149,/home/linux/IHCPs/dataset_ptrh_constant/input/352A_133187.4149,/home/linux/IHCPs/dataset_ptrh_constant/output/352A_133187.4149
353A_130335.7646,/home/linux/IHCPs/dataset_ptrh_constant/input/353A_130335.7646,/home/linux/IHCPs/dataset_ptrh_constant/output/353A_130335.7646
354A_604049.1096,/home/linux/IHCPs/dataset_ptrh_constant/input/354A_604049.1096,/home/linux/IHCPs/dataset_ptrh_constant/output/354A_604049.1096
355A_199051.7742,/home/linux/IHCPs/dataset_ptrh_constant/input/355A_199051.7742,/home/linux/IHCPs/dataset_ptrh_constant/output/355A_199051.7742
356A_495082.979,/home/linux/IHCPs/dataset_ptrh_constant/input/356A_495082.979,/home/linux/IHCPs/dataset_ptrh_constant/output/356A_495082.979
357A_521569.5799,/home/linux/IHCPs/dataset_ptrh_constant/input/357A_521569.5799,/home/linux/IHCPs/dataset_ptrh_constant/output/357A_521569.5799
358A_288078.2683,/home/linux/IHCPs/dataset_ptrh_constant/input/358A_288078.2683,/home/linux/IHCPs/dataset_ptrh_constant/output/358A_288078.2683
359A_814034.2413,/home/linux/IHCPs/dataset_ptrh_constant/input/359A_814034.2413,/home/linux/IHCPs/dataset_ptrh_constant/output/359A_814034.2413
35A_179523.702,/home/linux/IHCPs/dataset_ptrh_constant/input/35A_179523.702,/home/linux/IHCPs/dataset_ptrh_constant/output/35A_179523.702
360A_800994.3162,/home/linux/IHCPs/dataset_ptrh_constant/input/360A_800994.3162,/home/linux/IHCPs/dataset_ptrh_constant/output/360A_800994.3162
361A_687086.8396,/home/linux/IHCPs/dataset_ptrh_constant/input/361A_687086.8396,/home/linux/IHCPs/dataset_ptrh_constant/output/361A_687086.8396
362A_807421.5809,/home/linux/IHCPs/dataset_ptrh_constant/input/362A_807421.5809,/home/linux/IHCPs/dataset_ptrh_constant/output/362A_807421.5809
363A_933899.582,/home/linux/IHCPs/dataset_ptrh_constant/input/363A_933899.582,/home/linux/IHCPs/dataset_ptrh_constant/output/363A_933899.582
364A_432134.6328,/home/linux/IHCPs/dataset_ptrh_constant/input/364A_432134.6328,/home/linux/IHCPs/dataset_ptrh_constant/output/364A_432134.6328
365A_932368.2395,/home/linux/IHCPs/dataset_ptrh_constant/input/365A_932368.2395,/home/linux/IHCPs/dataset_ptrh_constant/output/365A_932368.2395
366A_100251.9731,/home/linux/IHCPs/dataset_ptrh_constant/input/366A_100251.9731,/home/linux/IHCPs/dataset_ptrh_constant/output/366A_100251.9731
367A_704661.5142,/home/linux/IHCPs/dataset_ptrh_constant/input/367A_704661.5142,/home/linux/IHCPs/dataset_ptrh_constant/output/367A_704661.5142
368A_713958.6872,/home/linux/IHCPs/dataset_ptrh_constant/input/368A_713958.6872,/home/linux/IHCPs/dataset_ptrh_constant/output/368A_713958.6872
369A_847409.0718,/home/linux/IHCPs/dataset_ptrh_constant/input/369A_847409.0718,/home/linux/IHCPs/dataset_ptrh_constant/output/369A_847409.0718
36A_693815.8249,/home/linux/IHCPs/dataset_ptrh_constant/input/36A_693815.8249,/home/linux/IHCPs/dataset_ptrh_constant/output/36A_693815.8249
370A_585431.2902,/home/linux/IHCPs/dataset_ptrh_constant/input/370A_585431.2902,/home/linux/IHCPs/dataset_ptrh_constant/output/370A_585431.2902
371A_559905.0944,/home/linux/IHCPs/dataset_ptrh_constant/input/371A_559905.0944,/home/linux/IHCPs/dataset_ptrh_constant/output/371A_559905.0944
372A_744873.7465,/home/linux/IHCPs/dataset_ptrh_constant/input/372A_744873.7465,/home/linux/IHCPs/dataset_ptrh_constant/output/372A_744873.7465
373A_446499.9622,/home/linux/IHCPs/dataset_ptrh_constant/input/373A_446499.9622,/home/linux/IHCPs/dataset_ptrh_constant/output/373A_446499.9622
374A_339278.842,/home/linux/IHCPs/dataset_ptrh_constant/input/374A_339278.842,/home/linux/IHCPs/dataset_ptrh_constant/output/374A_339278.842
375A_193633.6918,/home/linux/IHCPs/dataset_ptrh_constant/input/375A_193633.6918,/home/linux/IHCPs/dataset_ptrh_constant/output/375A_193633.6918
376A_763486.2839,/home/linux/IHCPs/dataset_ptrh_constant/input/376A_763486.2839,/home/linux/IHCPs/dataset_ptrh_constant/output/376A_763486.2839
377A_327496.5759,/home/linux/IHCPs/dataset_ptrh_constant/input/377A_327496.5759,/home/linux/IHCPs/dataset_ptrh_constant/output/377A_327496.5759
378A_782958.7849,/home/linux/IHCPs/dataset_ptrh_constant/input/378A_782958.7849,/home/linux/IHCPs/dataset_ptrh_constant/output/378A_782958.7849
379A_156232.5127,/home/linux/IHCPs/dataset_ptrh_constant/input/379A_156232.5127,/home/linux/IHCPs/dataset_ptrh_constant/output/379A_156232.5127
37A_556671.8611,/home/linux/IHCPs/dataset_ptrh_constant/input/37A_556671.8611,/home/linux/IHCPs/dataset_ptrh_constant/output/37A_556671.8611
380A_555778.6446,/home/linux/IHCPs/dataset_ptrh_constant/input/380A_555778.6446,/home/linux/IHCPs/dataset_ptrh_constant/output/380A_555778.6446
381A_227649.7824,/home/linux/IHCPs/dataset_ptrh_constant/input/381A_227649.7824,/home/linux/IHCPs/dataset_ptrh_constant/output/381A_227649.7824
382A_963157.3063,/home/linux/IHCPs/dataset_ptrh_constant/input/382A_963157.3063,/home/linux/IHCPs/dataset_ptrh_constant/output/382A_963157.3063
383A_501418.8966,/home/linux/IHCPs/dataset_ptrh_constant/input/383A_501418.8966,/home/linux/IHCPs/dataset_ptrh_constant/output/383A_501418.8966
384A_981361.6629,/home/linux/IHCPs/dataset_ptrh_constant/input/384A_981361.6629,/home/linux/IHCPs/dataset_ptrh_constant/output/384A_981361.6629
385A_797445.1336,/home/linux/IHCPs/dataset_ptrh_constant/input/385A_797445.1336,/home/linux/IHCPs/dataset_ptrh_constant/output/385A_797445.1336
386A_482029.4762,/home/linux/IHCPs/dataset_ptrh_constant/input/386A_482029.4762,/home/linux/IHCPs/dataset_ptrh_constant/output/386A_482029.4762
387A_546265.4714,/home/linux/IHCPs/dataset_ptrh_constant/input/387A_546265.4714,/home/linux/IHCPs/dataset_ptrh_constant/output/387A_546265.4714
388A_328441.6974,/home/linux/IHCPs/dataset_ptrh_constant/input/388A_328441.6974,/home/linux/IHCPs/dataset_ptrh_constant/output/388A_328441.6974
389A_971565.271,/home/linux/IHCPs/dataset_ptrh_constant/input/389A_971565.271,/home/linux/IHCPs/dataset_ptrh_constant/output/389A_971565.271
38A_302612.9787,/home/linux/IHCPs/dataset_ptrh_constant/input/38A_302612.9787,/home/linux/IHCPs/dataset_ptrh_constant/output/38A_302612.9787
390A_117098.689,/home/linux/IHCPs/dataset_ptrh_constant/input/390A_117098.689,/home/linux/IHCPs/dataset_ptrh_constant/output/390A_117098.689
391A_955639.8508,/home/linux/IHCPs/dataset_ptrh_constant/input/391A_955639.8508,/home/linux/IHCPs/dataset_ptrh_constant/output/391A_955639.8508
392A_420602.734,/home/linux/IHCPs/dataset_ptrh_constant/input/392A_420602.734,/home/linux/IHCPs/dataset_ptrh_constant/output/392A_420602.734
393A_270430.8529,/home/linux/IHCPs/dataset_ptrh_constant/input/393A_270430.8529,/home/linux/IHCPs/dataset_ptrh_constant/output/393A_270430.8529
394A_610322.5404,/home/linux/IHCPs/dataset_ptrh_constant/input/394A_610322.5404,/home/linux/IHCPs/dataset_ptrh_constant/output/394A_610322.5404
395A_646301.0253,/home/linux/IHCPs/dataset_ptrh_constant/input/395A_646301.0253,/home/linux/IHCPs/dataset_ptrh_constant/output/395A_646301.0253
396A_575529.1314,/home/linux/IHCPs/dataset_ptrh_constant/input/396A_575529.1314,/home/linux/IHCPs/dataset_ptrh_constant/output/396A_575529.1314
397A_875046.8458,/home/linux/IHCPs/dataset_ptrh_constant/input/397A_875046.8458,/home/linux/IHCPs/dataset_ptrh_constant/output/397A_875046.8458
398A_662132.9348,/home/linux/IHCPs/dataset_ptrh_constant/input/398A_662132.9348,/home/linux/IHCPs/dataset_ptrh_constant/output/398A_662132.9348
399A_220461.2118,/home/linux/IHCPs/dataset_ptrh_constant/input/399A_220461.2118,/home/linux/IHCPs/dataset_ptrh_constant/output/399A_220461.2118
39A_435766.6299,/home/linux/IHCPs/dataset_ptrh_constant/input/39A_435766.6299,/home/linux/IHCPs/dataset_ptrh_constant/output/39A_435766.6299
3A_564865.2579,/home/linux/IHCPs/dataset_ptrh_constant/input/3A_564865.2579,/home/linux/IHCPs/dataset_ptrh_constant/output/3A_564865.2579
400A_649569.4762,/home/linux/IHCPs/dataset_ptrh_constant/input/400A_649569.4762,/home/linux/IHCPs/dataset_ptrh_constant/output/400A_649569.4762
401A_331886.7105,/home/linux/IHCPs/dataset_ptrh_constant/input/401A_331886.7105,/home/linux/IHCPs/dataset_ptrh_constant/output/401A_331886.7105
402A_757304.3283,/home/linux/IHCPs/dataset_ptrh_constant/input/402A_757304.3283,/home/linux/IHCPs/dataset_ptrh_constant/output/402A_757304.3283
403A_355523.0697,/home/linux/IHCPs/dataset_ptrh_constant/input/403A_355523.0697,/home/linux/IHCPs/dataset_ptrh_constant/output/403A_355523.0697
404A_856871.6318,/home/linux/IHCPs/dataset_ptrh_constant/input/404A_856871.6318,/home/linux/IHCPs/dataset_ptrh_constant/output/404A_856871.6318
405A_265163.1181,/home/linux/IHCPs/dataset_ptrh_constant/input/405A_265163.1181,/home/linux/IHCPs/dataset_ptrh_constant/output/405A_265163.1181
406A_778833.6363,/home/linux/IHCPs/dataset_ptrh_constant/input/406A_778833.6363,/home/linux/IHCPs/dataset_ptrh_constant/output/406A_778833.6363
407A_172860.2353,/home/linux/IHCPs/dataset_ptrh_constant/input/407A_172860.2353,/home/linux/IHCPs/dataset_ptrh_constant/output/407A_172860.2353
408A_191178.3943,/home/linux/IHCPs/dataset_ptrh_constant/input/408A_191178.3943,/home/linux/IHCPs/dataset_ptrh_constant/output/408A_191178.3943
409A_331800.8409,/home/linux/IHCPs/dataset_ptrh_constant/input/409A_331800.8409,/home/linux/IHCPs/dataset_ptrh_constant/output/409A_331800.8409
40A_383026.7879,/home/linux/IHCPs/dataset_ptrh_constant/input/40A_383026.7879,/home/linux/IHCPs/dataset_ptrh_constant/output/40A_383026.7879
410A_578605.218,/home/linux/IHCPs/dataset_ptrh_constant/input/410A_578605.218,/home/linux/IHCPs/dataset_ptrh_constant/output/410A_578605.218
411A_887934.4013,/home/linux/IHCPs/dataset_ptrh_constant/input/411A_887934.4013,/home/linux/IHCPs/dataset_ptrh_constant/output/411A_887934.4013
412A_191540.6265,/home/linux/IHCPs/dataset_ptrh_constant/input/412A_191540.6265,/home/linux/IHCPs/dataset_ptrh_constant/output/412A_191540.6265
413A_550881.439,/home/linux/IHCPs/dataset_ptrh_constant/input/413A_550881.439,/home/linux/IHCPs/dataset_ptrh_constant/output/413A_550881.439
414A_651990.5104,/home/linux/IHCPs/dataset_ptrh_constant/input/414A_651990.5104,/home/linux/IHCPs/dataset_ptrh_constant/output/414A_651990.5104
415A_765156.8137,/home/linux/IHCPs/dataset_ptrh_constant/input/415A_765156.8137,/home/linux/IHCPs/dataset_ptrh_constant/output/415A_765156.8137
416A_619195.6206,/home/linux/IHCPs/dataset_ptrh_constant/input/416A_619195.6206,/home/linux/IHCPs/dataset_ptrh_constant/output/416A_619195.6206
417A_578545.0755,/home/linux/IHCPs/dataset_ptrh_constant/input/417A_578545.0755,/home/linux/IHCPs/dataset_ptrh_constant/output/417A_578545.0755
418A_844510.5092,/home/linux/IHCPs/dataset_ptrh_constant/input/418A_844510.5092,/home/linux/IHCPs/dataset_ptrh_constant/output/418A_844510.5092
419A_910385.0333,/home/linux/IHCPs/dataset_ptrh_constant/input/419A_910385.0333,/home/linux/IHCPs/dataset_ptrh_constant/output/419A_910385.0333
41A_995314.0074,/home/linux/IHCPs/dataset_ptrh_constant/input/41A_995314.0074,/home/linux/IHCPs/dataset_ptrh_constant/output/41A_995314.0074
420A_797239.527,/home/linux/IHCPs/dataset_ptrh_constant/input/420A_797239.527,/home/linux/IHCPs/dataset_ptrh_constant/output/420A_797239.527
421A_971042.068,/home/linux/IHCPs/dataset_ptrh_constant/input/421A_971042.068,/home/linux/IHCPs/dataset_ptrh_constant/output/421A_971042.068
422A_276579.7899,/home/linux/IHCPs/dataset_ptrh_constant/input/422A_276579.7899,/home/linux/IHCPs/dataset_ptrh_constant/output/422A_276579.7899
423A_817346.2893,/home/linux/IHCPs/dataset_ptrh_constant/input/423A_817346.2893,/home/linux/IHCPs/dataset_ptrh_constant/output/423A_817346.2893
424A_938283.5918,/home/linux/IHCPs/dataset_ptrh_constant/input/424A_938283.5918,/home/linux/IHCPs/dataset_ptrh_constant/output/424A_938283.5918
425A_592276.1607,/home/linux/IHCPs/dataset_ptrh_constant/input/425A_592276.1607,/home/linux/IHCPs/dataset_ptrh_constant/output/425A_592276.1607
426A_366382.7027,/home/linux/IHCPs/dataset_ptrh_constant/input/426A_366382.7027,/home/linux/IHCPs/dataset_ptrh_constant/output/426A_366382.7027
427A_822074.7281,/home/linux/IHCPs/dataset_ptrh_constant/input/427A_822074.7281,/home/linux/IHCPs/dataset_ptrh_constant/output/427A_822074.7281
428A_140120.1279,/home/linux/IHCPs/dataset_ptrh_constant/input/428A_140120.1279,/home/linux/IHCPs/dataset_ptrh_constant/output/428A_140120.1279
429A_880993.7044,/home/linux/IHCPs/dataset_ptrh_constant/input/429A_880993.7044,/home/linux/IHCPs/dataset_ptrh_constant/output/429A_880993.7044
42A_737899.4762,/home/linux/IHCPs/dataset_ptrh_constant/input/42A_737899.4762,/home/linux/IHCPs/dataset_ptrh_constant/output/42A_737899.4762
430A_814801.818,/home/linux/IHCPs/dataset_ptrh_constant/input/430A_814801.818,/home/linux/IHCPs/dataset_ptrh_constant/output/430A_814801.818
431A_248931.4126,/home/linux/IHCPs/dataset_ptrh_constant/input/431A_248931.4126,/home/linux/IHCPs/dataset_ptrh_constant/output/431A_248931.4126
432A_592992.2639,/home/linux/IHCPs/dataset_ptrh_constant/input/432A_592992.2639,/home/linux/IHCPs/dataset_ptrh_constant/output/432A_592992.2639
433A_927735.4621,/home/linux/IHCPs/dataset_ptrh_constant/input/433A_927735.4621,/home/linux/IHCPs/dataset_ptrh_constant/output/433A_927735.4621
434A_536116.3385,/home/linux/IHCPs/dataset_ptrh_constant/input/434A_536116.3385,/home/linux/IHCPs/dataset_ptrh_constant/output/434A_536116.3385
435A_364278.5921,/home/linux/IHCPs/dataset_ptrh_constant/input/435A_364278.5921,/home/linux/IHCPs/dataset_ptrh_constant/output/435A_364278.5921
436A_749560.7707,/home/linux/IHCPs/dataset_ptrh_constant/input/436A_749560.7707,/home/linux/IHCPs/dataset_ptrh_constant/output/436A_749560.7707
437A_292822.3252,/home/linux/IHCPs/dataset_ptrh_constant/input/437A_292822.3252,/home/linux/IHCPs/dataset_ptrh_constant/output/437A_292822.3252
438A_752012.1663,/home/linux/IHCPs/dataset_ptrh_constant/input/438A_752012.1663,/home/linux/IHCPs/dataset_ptrh_constant/output/438A_752012.1663
439A_869581.7842,/home/linux/IHCPs/dataset_ptrh_constant/input/439A_869581.7842,/home/linux/IHCPs/dataset_ptrh_constant/output/439A_869581.7842
43A_808910.5252,/home/linux/IHCPs/dataset_ptrh_constant/input/43A_808910.5252,/home/linux/IHCPs/dataset_ptrh_constant/output/43A_808910.5252
440A_800395.948,/home/linux/IHCPs/dataset_ptrh_constant/input/440A_800395.948,/home/linux/IHCPs/dataset_ptrh_constant/output/440A_800395.948
441A_140930.0167,/home/linux/IHCPs/dataset_ptrh_constant/input/441A_140930.0167,/home/linux/IHCPs/dataset_ptrh_constant/output/441A_140930.0167
442A_556111.5799,/home/linux/IHCPs/dataset_ptrh_constant/input/442A_556111.5799,/home/linux/IHCPs/dataset_ptrh_constant/output/442A_556111.5799
443A_211817.0861,/home/linux/IHCPs/dataset_ptrh_constant/input/443A_211817.0861,/home/linux/IHCPs/dataset_ptrh_constant/output/443A_211817.0861
444A_370473.8301,/home/linux/IHCPs/dataset_ptrh_constant/input/444A_370473.8301,/home/linux/IHCPs/dataset_ptrh_constant/output/444A_370473.8301
445A_834192.2904,/home/linux/IHCPs/dataset_ptrh_constant/input/445A_834192.2904,/home/linux/IHCPs/dataset_ptrh_constant/output/445A_834192.2904
446A_265253.8049,/home/linux/IHCPs/dataset_ptrh_constant/input/446A_265253.8049,/home/linux/IHCPs/dataset_ptrh_constant/output/446A_265253.8049
447A_721652.6915,/home/linux/IHCPs/dataset_ptrh_constant/input/447A_721652.6915,/home/linux/IHCPs/dataset_ptrh_constant/output/447A_721652.6915
448A_524436.0085,/home/linux/IHCPs/dataset_ptrh_constant/input/448A_524436.0085,/home/linux/IHCPs/dataset_ptrh_constant/output/448A_524436.0085
449A_812438.9493,/home/linux/IHCPs/dataset_ptrh_constant/input/449A_812438.9493,/home/linux/IHCPs/dataset_ptrh_constant/output/449A_812438.9493
44A_491446.7768,/home/linux/IHCPs/dataset_ptrh_constant/input/44A_491446.7768,/home/linux/IHCPs/dataset_ptrh_constant/output/44A_491446.7768
450A_450066.0338,/home/linux/IHCPs/dataset_ptrh_constant/input/450A_450066.0338,/home/linux/IHCPs/dataset_ptrh_constant/output/450A_450066.0338
451A_590713.2062,/home/linux/IHCPs/dataset_ptrh_constant/input/451A_590713.2062,/home/linux/IHCPs/dataset_ptrh_constant/output/451A_590713.2062
452A_816941.7013,/home/linux/IHCPs/dataset_ptrh_constant/input/452A_816941.7013,/home/linux/IHCPs/dataset_ptrh_constant/output/452A_816941.7013
453A_596335.7935,/home/linux/IHCPs/dataset_ptrh_constant/input/453A_596335.7935,/home/linux/IHCPs/dataset_ptrh_constant/output/453A_596335.7935
454A_148898.2143,/home/linux/IHCPs/dataset_ptrh_constant/input/454A_148898.2143,/home/linux/IHCPs/dataset_ptrh_constant/output/454A_148898.2143
455A_663892.647,/home/linux/IHCPs/dataset_ptrh_constant/input/455A_663892.647,/home/linux/IHCPs/dataset_ptrh_constant/output/455A_663892.647
456A_352935.4517,/home/linux/IHCPs/dataset_ptrh_constant/input/456A_352935.4517,/home/linux/IHCPs/dataset_ptrh_constant/output/456A_352935.4517
457A_651444.1097,/home/linux/IHCPs/dataset_ptrh_constant/input/457A_651444.1097,/home/linux/IHCPs/dataset_ptrh_constant/output/457A_651444.1097
458A_204311.8485,/home/linux/IHCPs/dataset_ptrh_constant/input/458A_204311.8485,/home/linux/IHCPs/dataset_ptrh_constant/output/458A_204311.8485
459A_245959.8714,/home/linux/IHCPs/dataset_ptrh_constant/input/459A_245959.8714,/home/linux/IHCPs/dataset_ptrh_constant/output/459A_245959.8714
45A_275654.1812,/home/linux/IHCPs/dataset_ptrh_constant/input/45A_275654.1812,/home/linux/IHCPs/dataset_ptrh_constant/output/45A_275654.1812
460A_418412.4427,/home/linux/IHCPs/dataset_ptrh_constant/input/460A_418412.4427,/home/linux/IHCPs/dataset_ptrh_constant/output/460A_418412.4427
461A_167586.5829,/home/linux/IHCPs/dataset_ptrh_constant/input/461A_167586.5829,/home/linux/IHCPs/dataset_ptrh_constant/output/461A_167586.5829
462A_466650.9641,/home/linux/IHCPs/dataset_ptrh_constant/input/462A_466650.9641,/home/linux/IHCPs/dataset_ptrh_constant/output/462A_466650.9641
463A_561327.4503,/home/linux/IHCPs/dataset_ptrh_constant/input/463A_561327.4503,/home/linux/IHCPs/dataset_ptrh_constant/output/463A_561327.4503
464A_359774.3314,/home/linux/IHCPs/dataset_ptrh_constant/input/464A_359774.3314,/home/linux/IHCPs/dataset_ptrh_constant/output/464A_359774.3314
465A_136417.8409,/home/linux/IHCPs/dataset_ptrh_constant/input/465A_136417.8409,/home/linux/IHCPs/dataset_ptrh_constant/output/465A_136417.8409
466A_514517.4516,/home/linux/IHCPs/dataset_ptrh_constant/input/466A_514517.4516,/home/linux/IHCPs/dataset_ptrh_constant/output/466A_514517.4516
467A_362265.9034,/home/linux/IHCPs/dataset_ptrh_constant/input/467A_362265.9034,/home/linux/IHCPs/dataset_ptrh_constant/output/467A_362265.9034
468A_999161.3456,/home/linux/IHCPs/dataset_ptrh_constant/input/468A_999161.3456,/home/linux/IHCPs/dataset_ptrh_constant/output/468A_999161.3456
469A_551545.529,/home/linux/IHCPs/dataset_ptrh_constant/input/469A_551545.529,/home/linux/IHCPs/dataset_ptrh_constant/output/469A_551545.529
46A_633362.2125,/home/linux/IHCPs/dataset_ptrh_constant/input/46A_633362.2125,/home/linux/IHCPs/dataset_ptrh_constant/output/46A_633362.2125
470A_293791.4684,/home/linux/IHCPs/dataset_ptrh_constant/input/470A_293791.4684,/home/linux/IHCPs/dataset_ptrh_constant/output/470A_293791.4684
471A_714548.3298,/home/linux/IHCPs/dataset_ptrh_constant/input/471A_714548.3298,/home/linux/IHCPs/dataset_ptrh_constant/output/471A_714548.3298
472A_354036.848,/home/linux/IHCPs/dataset_ptrh_constant/input/472A_354036.848,/home/linux/IHCPs/dataset_ptrh_constant/output/472A_354036.848
473A_956364.5129,/home/linux/IHCPs/dataset_ptrh_constant/input/473A_956364.5129,/home/linux/IHCPs/dataset_ptrh_constant/output/473A_956364.5129
474A_497696.5108,/home/linux/IHCPs/dataset_ptrh_constant/input/474A_497696.5108,/home/linux/IHCPs/dataset_ptrh_constant/output/474A_497696.5108
475A_322149.4946,/home/linux/IHCPs/dataset_ptrh_constant/input/475A_322149.4946,/home/linux/IHCPs/dataset_ptrh_constant/output/475A_322149.4946
476A_400099.0704,/home/linux/IHCPs/dataset_ptrh_constant/input/476A_400099.0704,/home/linux/IHCPs/dataset_ptrh_constant/output/476A_400099.0704
477A_985270.8647,/home/linux/IHCPs/dataset_ptrh_constant/input/477A_985270.8647,/home/linux/IHCPs/dataset_ptrh_constant/output/477A_985270.8647
478A_257269.0625,/home/linux/IHCPs/dataset_ptrh_constant/input/478A_257269.0625,/home/linux/IHCPs/dataset_ptrh_constant/output/478A_257269.0625
479A_740552.9555,/home/linux/IHCPs/dataset_ptrh_constant/input/479A_740552.9555,/home/linux/IHCPs/dataset_ptrh_constant/output/479A_740552.9555
47A_753163.9869,/home/linux/IHCPs/dataset_ptrh_constant/input/47A_753163.9869,/home/linux/IHCPs/dataset_ptrh_constant/output/47A_753163.9869
480A_414566.134,/home/linux/IHCPs/dataset_ptrh_constant/input/480A_414566.134,/home/linux/IHCPs/dataset_ptrh_constant/output/480A_414566.134
481A_342370.3491,/home/linux/IHCPs/dataset_ptrh_constant/input/481A_342370.3491,/home/linux/IHCPs/dataset_ptrh_constant/output/481A_342370.3491
482A_972375.0244,/home/linux/IHCPs/dataset_ptrh_constant/input/482A_972375.0244,/home/linux/IHCPs/dataset_ptrh_constant/output/482A_972375.0244
483A_326214.6774,/home/linux/IHCPs/dataset_ptrh_constant/input/483A_326214.6774,/home/linux/IHCPs/dataset_ptrh_constant/output/483A_326214.6774
484A_981647.3438,/home/linux/IHCPs/dataset_ptrh_constant/input/484A_981647.3438,/home/linux/IHCPs/dataset_ptrh_constant/output/484A_981647.3438
485A_314173.1114,/home/linux/IHCPs/dataset_ptrh_constant/input/485A_314173.1114,/home/linux/IHCPs/dataset_ptrh_constant/output/485A_314173.1114
486A_731889.9766,/home/linux/IHCPs/dataset_ptrh_constant/input/486A_731889.9766,/home/linux/IHCPs/dataset_ptrh_constant/output/486A_731889.9766
487A_368837.087,/home/linux/IHCPs/dataset_ptrh_constant/input/487A_368837.087,/home/linux/IHCPs/dataset_ptrh_constant/output/487A_368837.087
488A_108606.2139,/home/linux/IHCPs/dataset_ptrh_constant/input/488A_108606.2139,/home/linux/IHCPs/dataset_ptrh_constant/output/488A_108606.2139
489A_610877.5852,/home/linux/IHCPs/dataset_ptrh_constant/input/489A_610877.5852,/home/linux/IHCPs/dataset_ptrh_constant/output/489A_610877.5852
48A_947233.3071,/home/linux/IHCPs/dataset_ptrh_constant/input/48A_947233.3071,/home/linux/IHCPs/dataset_ptrh_constant/output/48A_947233.3071
490A_158806.8981,/home/linux/IHCPs/dataset_ptrh_constant/input/490A_158806.8981,/home/linux/IHCPs/dataset_ptrh_constant/output/490A_158806.8981
491A_195921.4024,/home/linux/IHCPs/dataset_ptrh_constant/input/491A_195921.4024,/home/linux/IHCPs/dataset_ptrh_constant/output/491A_195921.4024
492A_441587.2289,/home/linux/IHCPs/dataset_ptrh_constant/input/492A_441587.2289,/home/linux/IHCPs/dataset_ptrh_constant/output/492A_441587.2289
493A_674526.0735,/home/linux/IHCPs/dataset_ptrh_constant/input/493A_674526.0735,/home/linux/IHCPs/dataset_ptrh_constant/output/493A_674526.0735
494A_327317.7404,/home/linux/IHCPs/dataset_ptrh_constant/input/494A_327317.7404,/home/linux/IHCPs/dataset_ptrh_constant/output/494A_327317.7404
495A_516834.2901,/home/linux/IHCPs/dataset_ptrh_constant/input/495A_516834.2901,/home/linux/IHCPs/dataset_ptrh_constant/output/495A_516834.2901
496A_174373.8811,/home/linux/IHCPs/dataset_ptrh_constant/input/496A_174373.8811,/home/linux/IHCPs/dataset_ptrh_constant/output/496A_174373.8811
497A_259594.9557,/home/linux/IHCPs/dataset_ptrh_constant/input/497A_259594.9557,/home/linux/IHCPs/dataset_ptrh_constant/output/497A_259594.9557
498A_213144.0984,/home/linux/IHCPs/dataset_ptrh_constant/input/498A_213144.0984,/home/linux/IHCPs/dataset_ptrh_constant/output/498A_213144.0984
499A_456031.4705,/home/linux/IHCPs/dataset_ptrh_constant/input/499A_456031.4705,/home/linux/IHCPs/dataset_ptrh_constant/output/499A_456031.4705
49A_952669.6734,/home/linux/IHCPs/dataset_ptrh_constant/input/49A_952669.6734,/home/linux/IHCPs/dataset_ptrh_constant/output/49A_952669.6734
4A_463802.8937,/home/linux/IHCPs/dataset_ptrh_constant/input/4A_463802.8937,/home/linux/IHCPs/dataset_ptrh_constant/output/4A_463802.8937
50A_495360.5975,/home/linux/IHCPs/dataset_ptrh_constant/input/50A_495360.5975,/home/linux/IHCPs/dataset_ptrh_constant/output/50A_495360.5975
51A_147956.5308,/home/linux/IHCPs/dataset_ptrh_constant/input/51A_147956.5308,/home/linux/IHCPs/dataset_ptrh_constant/output/51A_147956.5308
52A_661289.6181,/home/linux/IHCPs/dataset_ptrh_constant/input/52A_661289.6181,/home/linux/IHCPs/dataset_ptrh_constant/output/52A_661289.6181
53A_806589.2407,/home/linux/IHCPs/dataset_ptrh_constant/input/53A_806589.2407,/home/linux/IHCPs/dataset_ptrh_constant/output/53A_806589.2407
54A_935343.8627,/home/linux/IHCPs/dataset_ptrh_constant/input/54A_935343.8627,/home/linux/IHCPs/dataset_ptrh_constant/output/54A_935343.8627
55A_140451.6039,/home/linux/IHCPs/dataset_ptrh_constant/input/55A_140451.6039,/home/linux/IHCPs/dataset_ptrh_constant/output/55A_140451.6039
56A_562593.3372,/home/linux/IHCPs/dataset_ptrh_constant/input/56A_562593.3372,/home/linux/IHCPs/dataset_ptrh_constant/output/56A_562593.3372
57A_431094.7166,/home/linux/IHCPs/dataset_ptrh_constant/input/57A_431094.7166,/home/linux/IHCPs/dataset_ptrh_constant/output/57A_431094.7166
58A_719271.3123,/home/linux/IHCPs/dataset_ptrh_constant/input/58A_719271.3123,/home/linux/IHCPs/dataset_ptrh_constant/output/58A_719271.3123
59A_447074.3377,/home/linux/IHCPs/dataset_ptrh_constant/input/59A_447074.3377,/home/linux/IHCPs/dataset_ptrh_constant/output/59A_447074.3377
5A_693140.0289,/home/linux/IHCPs/dataset_ptrh_constant/input/5A_693140.0289,/home/linux/IHCPs/dataset_ptrh_constant/output/5A_693140.0289
60A_618204.1217,/home/linux/IHCPs/dataset_ptrh_constant/input/60A_618204.1217,/home/linux/IHCPs/dataset_ptrh_constant/output/60A_618204.1217
61A_176276.8235,/home/linux/IHCPs/dataset_ptrh_constant/input/61A_176276.8235,/home/linux/IHCPs/dataset_ptrh_constant/output/61A_176276.8235
62A_456783.3228,/home/linux/IHCPs/dataset_ptrh_constant/input/62A_456783.3228,/home/linux/IHCPs/dataset_ptrh_constant/output/62A_456783.3228
63A_729885.7376,/home/linux/IHCPs/dataset_ptrh_constant/input/63A_729885.7376,/home/linux/IHCPs/dataset_ptrh_constant/output/63A_729885.7376
64A_156041.6075,/home/linux/IHCPs/dataset_ptrh_constant/input/64A_156041.6075,/home/linux/IHCPs/dataset_ptrh_constant/output/64A_156041.6075
65A_836067.9853,/home/linux/IHCPs/dataset_ptrh_constant/input/65A_836067.9853,/home/linux/IHCPs/dataset_ptrh_constant/output/65A_836067.9853
66A_524476.7856,/home/linux/IHCPs/dataset_ptrh_constant/input/66A_524476.7856,/home/linux/IHCPs/dataset_ptrh_constant/output/66A_524476.7856
67A_659850.028,/home/linux/IHCPs/dataset_ptrh_constant/input/67A_659850.028,/home/linux/IHCPs/dataset_ptrh_constant/output/67A_659850.028
68A_719978.8401,/home/linux/IHCPs/dataset_ptrh_constant/input/68A_719978.8401,/home/linux/IHCPs/dataset_ptrh_constant/output/68A_719978.8401
69A_751903.6483,/home/linux/IHCPs/dataset_ptrh_constant/input/69A_751903.6483,/home/linux/IHCPs/dataset_ptrh_constant/output/69A_751903.6483
6A_860896.0417,/home/linux/IHCPs/dataset_ptrh_constant/input/6A_860896.0417,/home/linux/IHCPs/dataset_ptrh_constant/output/6A_860896.0417
70A_170476.3741,/home/linux/IHCPs/dataset_ptrh_constant/input/70A_170476.3741,/home/linux/IHCPs/dataset_ptrh_constant/output/70A_170476.3741
71A_507124.1328,/home/linux/IHCPs/dataset_ptrh_constant/input/71A_507124.1328,/home/linux/IHCPs/dataset_ptrh_constant/output/71A_507124.1328
72A_664679.1062,/home/linux/IHCPs/dataset_ptrh_constant/input/72A_664679.1062,/home/linux/IHCPs/dataset_ptrh_constant/output/72A_664679.1062
73A_274562.3023,/home/linux/IHCPs/dataset_ptrh_constant/input/73A_274562.3023,/home/linux/IHCPs/dataset_ptrh_constant/output/73A_274562.3023
74A_946097.3401,/home/linux/IHCPs/dataset_ptrh_constant/input/74A_946097.3401,/home/linux/IHCPs/dataset_ptrh_constant/output/74A_946097.3401
75A_481513.3602,/home/linux/IHCPs/dataset_ptrh_constant/input/75A_481513.3602,/home/linux/IHCPs/dataset_ptrh_constant/output/75A_481513.3602
76A_218119.3193,/home/linux/IHCPs/dataset_ptrh_constant/input/76A_218119.3193,/home/linux/IHCPs/dataset_ptrh_constant/output/76A_218119.3193
77A_285421.4763,/home/linux/IHCPs/dataset_ptrh_constant/input/77A_285421.4763,/home/linux/IHCPs/dataset_ptrh_constant/output/77A_285421.4763
78A_996102.6499,/home/linux/IHCPs/dataset_ptrh_constant/input/78A_996102.6499,/home/linux/IHCPs/dataset_ptrh_constant/output/78A_996102.6499
79A_865170.2232,/home/linux/IHCPs/dataset_ptrh_constant/input/79A_865170.2232,/home/linux/IHCPs/dataset_ptrh_constant/output/79A_865170.2232
7A_384529.4148,/home/linux/IHCPs/dataset_ptrh_constant/input/7A_384529.4148,/home/linux/IHCPs/dataset_ptrh_constant/output/7A_384529.4148
80A_221683.4456,/home/linux/IHCPs/dataset_ptrh_constant/input/80A_221683.4456,/home/linux/IHCPs/dataset_ptrh_constant/output/80A_221683.4456
81A_542683.5434,/home/linux/IHCPs/dataset_ptrh_constant/input/81A_542683.5434,/home/linux/IHCPs/dataset_ptrh_constant/output/81A_542683.5434
82A_506854.3511,/home/linux/IHCPs/dataset_ptrh_constant/input/82A_506854.3511,/home/linux/IHCPs/dataset_ptrh_constant/output/82A_506854.3511
83A_856838.7111,/home/linux/IHCPs/dataset_ptrh_constant/input/83A_856838.7111,/home/linux/IHCPs/dataset_ptrh_constant/output/83A_856838.7111
84A_391935.2674,/home/linux/IHCPs/dataset_ptrh_constant/input/84A_391935.2674,/home/linux/IHCPs/dataset_ptrh_constant/output/84A_391935.2674
85A_791661.6198,/home/linux/IHCPs/dataset_ptrh_constant/input/85A_791661.6198,/home/linux/IHCPs/dataset_ptrh_constant/output/85A_791661.6198
86A_635047.7581,/home/linux/IHCPs/dataset_ptrh_constant/input/86A_635047.7581,/home/linux/IHCPs/dataset_ptrh_constant/output/86A_635047.7581
87A_218498.7943,/home/linux/IHCPs/dataset_ptrh_constant/input/87A_218498.7943,/home/linux/IHCPs/dataset_ptrh_constant/output/87A_218498.7943
88A_723472.9461,/home/linux/IHCPs/dataset_ptrh_constant/input/88A_723472.9461,/home/linux/IHCPs/dataset_ptrh_constant/output/88A_723472.9461
89A_184095.6095,/home/linux/IHCPs/dataset_ptrh_constant/input/89A_184095.6095,/home/linux/IHCPs/dataset_ptrh_constant/output/89A_184095.6095
8A_585663.5071,/home/linux/IHCPs/dataset_ptrh_constant/input/8A_585663.5071,/home/linux/IHCPs/dataset_ptrh_constant/output/8A_585663.5071
90A_204237.3681,/home/linux/IHCPs/dataset_ptrh_constant/input/90A_204237.3681,/home/linux/IHCPs/dataset_ptrh_constant/output/90A_204237.3681
91A_406490.2928,/home/linux/IHCPs/dataset_ptrh_constant/input/91A_406490.2928,/home/linux/IHCPs/dataset_ptrh_constant/output/91A_406490.2928
92A_184610.7166,/home/linux/IHCPs/dataset_ptrh_constant/input/92A_184610.7166,/home/linux/IHCPs/dataset_ptrh_constant/output/92A_184610.7166
93A_825635.9259,/home/linux/IHCPs/dataset_ptrh_constant/input/93A_825635.9259,/home/linux/IHCPs/dataset_ptrh_constant/output/93A_825635.9259
94A_918834.2297,/home/linux/IHCPs/dataset_ptrh_constant/input/94A_918834.2297,/home/linux/IHCPs/dataset_ptrh_constant/output/94A_918834.2297
95A_783301.8843,/home/linux/IHCPs/dataset_ptrh_constant/input/95A_783301.8843,/home/linux/IHCPs/dataset_ptrh_constant/output/95A_783301.8843
96A_658117.9549,/home/linux/IHCPs/dataset_ptrh_constant/input/96A_658117.9549,/home/linux/IHCPs/dataset_ptrh_constant/output/96A_658117.9549
97A_744007.299,/home/linux/IHCPs/dataset_ptrh_constant/input/97A_744007.299,/home/linux/IHCPs/dataset_ptrh_constant/output/97A_744007.299
98A_954889.0703,/home/linux/IHCPs/dataset_ptrh_constant/input/98A_954889.0703,/home/linux/IHCPs/dataset_ptrh_constant/output/98A_954889.0703
99A_919015.4769,/home/linux/IHCPs/dataset_ptrh_constant/input/99A_919015.4769,/home/linux/IHCPs/dataset_ptrh_constant/output/99A_919015.4769
9A_972024.275,/home/linux/IHCPs/dataset_ptrh_constant/input/9A_972024.275,/home/linux/IHCPs/dataset_ptrh_constant/output/9A_972024.275
